{
    "AttackState": {
        "BlockRadius": 4.0,
        "BlockScale": 0.5,
        "Combo0_AttackDuration": 0.20000000298023224,
        "Combo0_Axis": 0,
        "Combo0_StartAngle": -1.5707999467849731,
        "Combo0_SwingAngle": 3.141590118408203,
        "Combo0_SwingDirection": 1.0,
        "Combo1_AttackDuration": 0.20000000298023224,
        "Combo1_Axis": 0,
        "Combo1_StartAngle": 1.5707999467849731,
        "Combo1_SwingAngle": 3.141590118408203,
        "Combo1_SwingDirection": -1.0,
        "Combo2_AttackDuration": 0.25,
        "Combo2_Axis": 1,
        "Combo2_StartAngle": 1.5290000438690186,
        "Combo2_SwingAngle": 3.141590118408203,
        "Combo2_SwingDirection": -1.0,
        "Combo3_AttackDuration": 0.30000001192092896,
        "Combo3_Axis": 0,
        "Combo3_StartAngle": 0.0,
        "Combo3_SwingAngle": 6.283180236816406,
        "Combo3_SwingDirection": -1.0,
        "MaxCombo": 4,
        "MoveTime": 0.10000000149011612,
        "RecoveryTime": 0.5,
        "SearchTime": 0.10000000149011612
    }
}
