{
    "Boss": {
        "BodyColliderSize": 3.200000047683716,
        "HitEffectDuration": 0.10000000149011612
    }
}
