{
    "Player": {
        "BodyColliderSize": 3.200000047683716,
        "MeleeColliderOffsetZ": 10.0,
        "MeleeColliderX": 5.0,
        "MeleeColliderY": 2.0,
        "MeleeColliderZ": 17.0,
        "MoveInputDeadzone": 0.10000000149011612,
        "RotationLerpSpeed": 0.20000000298023224
    }
}
