{"nodes":{"node:10000":{"location":{"x":-277,"y":-141}},"node:10001":{"location":{"x":-665,"y":175}},"node:10002":{"location":{"x":-777,"y":1247}},"node:10003":{"location":{"x":1304,"y":1087}},"node:10004":{"location":{"x":-533,"y":575}},"node:10005":{"location":{"x":1195,"y":527}},"node:10006":{"location":{"x":-405,"y":441}},"node:10007":{"location":{"x":1016,"y":687}},"node:10008":{"location":{"x":40,"y":63}},"node:10009":{"location":{"x":-773,"y":1113}},"node:10010":{"location":{"x":-777,"y":1343}},"node:10011":{"location":{"x":1304,"y":671}},"node:10012":{"location":{"x":1304,"y":799}},"node:10013":{"location":{"x":-305,"y":575}},"node:10014":{"location":{"x":24,"y":825}},"node:10015":{"location":{"x":-837,"y":825}},"node:10016":{"location":{"x":-1033,"y":969}},"node:10017":{"location":{"x":-104,"y":985}},"node:10018":{"location":{"x":203,"y":947}},"node:10019":{"location":{"x":216,"y":1359}},"node:10020":{"location":{"x":-8,"y":1359}},"node:10021":{"location":{"x":-1177,"y":1231}},"node:10022":{"location":{"x":-1177,"y":1327}},"node:10023":{"location":{"x":-1177,"y":1103}},"node:10024":{"location":{"x":-789,"y":959}},"node:10025":{"location":{"x":664,"y":1119}},"node:10026":{"location":{"x":-537,"y":47}},"node:10027":{"location":{"x":-425,"y":175}},"node:10028":{"location":{"x":216,"y":1123}},"node:10029":{"location":{"x":-8,"y":1123}},"node:10030":{"location":{"x":-8,"y":1263}},"node:10031":{"location":{"x":216,"y":1263}},"node:10032":{"location":{"x":1304,"y":895}},"node:10033":{"location":{"x":-777,"y":1439}},"node:10034":{"location":{"x":-1429,"y":-509}},"node:10035":{"location":{"x":-1433,"y":-370}},"node:10036":{"location":{"x":-1433,"y":-274}},"node:10037":{"location":{"x":-1433,"y":-178}},"node:10038":{"location":{"x":-617,"y":-621}},"node:10039":{"location":{"x":1304,"y":991}},"node:10040":{"location":{"x":-949,"y":-493}},"node:10041":{"location":{"x":-953,"y":-354}},"node:10042":{"location":{"x":-953,"y":-258}},"node:10043":{"location":{"x":440,"y":1359}},"node:10044":{"location":{"x":440,"y":1263}},"node:10045":{"location":{"x":440,"y":1119}},"node:10046":{"location":{"x":1304,"y":1183}},"node:10047":{"location":{"x":-1433,"y":-82}},"node:10048":{"location":{"x":-953,"y":-162}},"node:10049":{"location":{"x":-777,"y":1535}}},"selection":["node:10036"],"view":{"scroll":{"x":-324.606658935546875,"y":-232.638748168945312},"visible_rect":{"max":{"x":1603.7869873046875,"y":1976.825439453125},"min":{"x":-1316.663330078125,"y":-943.6248779296875}},"zoom":0.246537327766418457}}