{"nodes":{"node:10000":{"location":{"x":-124,"y":-169}},"node:10001":{"location":{"x":-265,"y":-33}},"node:10002":{"location":{"x":8,"y":-40}},"node:10003":{"location":{"x":-137,"y":95}},"node:10004":{"location":{"x":-169,"y":479}},"node:10005":{"location":{"x":408,"y":351}},"node:10006":{"location":{"x":-265,"y":351}},"node:10007":{"location":{"x":251,"y":217}},"node:10008":{"location":{"x":24,"y":217}},"node:10009":{"location":{"x":184,"y":351}},"node:10010":{"location":{"x":136,"y":89}},"node:10011":{"location":{"x":-40,"y":345}},"node:10012":{"location":{"x":56,"y":479}}},"selection":["node:10007"],"view":{"scroll":{"x":-267.4647216796875,"y":-197.05810546875},"visible_rect":{"max":{"x":612.5352783203125,"y":589.94189453125},"min":{"x":-267.4647216796875,"y":-197.05810546875}},"zoom":1}}