{"nodes":{"node:10000":{"location":{"x":-853,"y":-690}},"node:10001":{"location":{"x":-1305,"y":-242}},"node:10002":{"location":{"x":-1021,"y":1033}},"node:10003":{"location":{"x":312,"y":355}},"node:10004":{"location":{"x":-985,"y":255}},"node:10005":{"location":{"x":203,"y":-205}},"node:10006":{"location":{"x":-841,"y":95}},"node:10007":{"location":{"x":24,"y":-45}},"node:10008":{"location":{"x":-485,"y":-381}},"node:10009":{"location":{"x":-1017,"y":899}},"node:10010":{"location":{"x":-1021,"y":1129}},"node:10011":{"location":{"x":312,"y":-61}},"node:10012":{"location":{"x":312,"y":67}},"node:10013":{"location":{"x":-741,"y":239}},"node:10014":{"location":{"x":-341,"y":553}},"node:10015":{"location":{"x":-1173,"y":591}},"node:10016":{"location":{"x":-1353,"y":735}},"node:10017":{"location":{"x":-585,"y":719}},"node:10018":{"location":{"x":-261,"y":703}},"node:10019":{"location":{"x":-249,"y":1109}},"node:10020":{"location":{"x":-473,"y":1109}},"node:10021":{"location":{"x":-1257,"y":1033}},"node:10022":{"location":{"x":-1257,"y":1119}},"node:10023":{"location":{"x":-1257,"y":905}},"node:10024":{"location":{"x":-1033,"y":745}},"node:10025":{"location":{"x":216,"y":863}},"node:10026":{"location":{"x":-1145,"y":-381}},"node:10027":{"location":{"x":-1049,"y":-242}},"node:10028":{"location":{"x":-249,"y":873}},"node:10029":{"location":{"x":-473,"y":873}},"node:10030":{"location":{"x":-473,"y":1013}},"node:10031":{"location":{"x":-249,"y":1013}},"node:10032":{"location":{"x":312,"y":163}},"node:10033":{"location":{"x":-1021,"y":1225}},"node:10034":{"location":{"x":312,"y":543}},"node:10035":{"location":{"x":-24,"y":1007}},"node:10036":{"location":{"x":-25,"y":1109}},"node:10037":{"location":{"x":-24,"y":873}},"node:10038":{"location":{"x":312,"y":447}},"node:10039":{"location":{"x":312,"y":259}}},"selection":null,"view":{"scroll":{"x":-691.016357421875,"y":-466.32611083984375},"visible_rect":{"max":{"x":248.976470947265625,"y":539.85308837890625},"min":{"x":-1333.8653564453125,"y":-900.14691162109375}},"zoom":0.518055558204650879}}