{"nodes":{"node:10000":{"location":{"x":-124,"y":-169}},"node:10001":{"location":{"x":-265,"y":-33}},"node:10002":{"location":{"x":-5,"y":-40}},"node:10003":{"location":{"x":-137,"y":95}},"node:10004":{"location":{"x":-137,"y":879}},"node:10005":{"location":{"x":536,"y":479}},"node:10006":{"location":{"x":-265,"y":351}},"node:10007":{"location":{"x":251,"y":217}},"node:10008":{"location":{"x":24,"y":217}},"node:10009":{"location":{"x":184,"y":351}},"node:10010":{"location":{"x":136,"y":89}},"node:10011":{"location":{"x":-137,"y":745}},"node:10012":{"location":{"x":88,"y":879}},"node:10013":{"location":{"x":408,"y":351}},"node:10014":{"location":{"x":296,"y":479}},"node:10015":{"location":{"x":-40,"y":351}},"node:10016":{"location":{"x":75,"y":479}},"node:10017":{"location":{"x":-293,"y":479}},"node:10018":{"location":{"x":-489,"y":623}},"node:10019":{"location":{"x":8,"y":607}},"node:10020":{"location":{"x":392,"y":607}},"node:10021":{"location":{"x":248,"y":751}},"node:10022":{"location":{"x":488,"y":751}},"node:10023":{"location":{"x":-585,"y":879}},"node:10024":{"location":{"x":-361,"y":879}},"node:10025":{"location":{"x":-457,"y":751}},"node:10026":{"location":{"x":-261,"y":607}}},"selection":["node:10023"],"view":{"scroll":{"x":-279.32623291015625,"y":-138.58111572265625},"visible_rect":{"max":{"x":591.6129150390625,"y":1043.379638671875},"min":{"x":-501.26220703125,"y":-248.689407348632812}},"zoom":0.557245731353759766}}