{"nodes":{"node:10000":{"location":{"x":-124,"y":-169}},"node:10001":{"location":{"x":-265,"y":-33}},"node:10002":{"location":{"x":-5,"y":-40}},"node:10003":{"location":{"x":-457,"y":223}},"node:10004":{"location":{"x":-249,"y":879}},"node:10005":{"location":{"x":536,"y":479}},"node:10006":{"location":{"x":-265,"y":351}},"node:10007":{"location":{"x":251,"y":217}},"node:10008":{"location":{"x":24,"y":217}},"node:10009":{"location":{"x":184,"y":351}},"node:10010":{"location":{"x":136,"y":89}},"node:10011":{"location":{"x":-261,"y":735}},"node:10012":{"location":{"x":-24,"y":879}},"node:10013":{"location":{"x":408,"y":351}},"node:10014":{"location":{"x":296,"y":479}},"node:10015":{"location":{"x":-40,"y":351}},"node:10016":{"location":{"x":75,"y":479}},"node:10017":{"location":{"x":-293,"y":479}},"node:10018":{"location":{"x":-457,"y":623}},"node:10019":{"location":{"x":8,"y":607}},"node:10020":{"location":{"x":440,"y":681}},"node:10021":{"location":{"x":280,"y":975}},"node:10022":{"location":{"x":728,"y":975}},"node:10023":{"location":{"x":-697,"y":879}},"node:10024":{"location":{"x":-473,"y":879}},"node:10025":{"location":{"x":-533,"y":735}},"node:10026":{"location":{"x":-233,"y":607}},"node:10027":{"location":{"x":792,"y":831}},"node:10028":{"location":{"x":-293,"y":79}},"node:10029":{"location":{"x":-217,"y":207}},"node:10030":{"location":{"x":248,"y":825}},"node:10031":{"location":{"x":488,"y":825}},"node:10032":{"location":{"x":504,"y":975}},"node:10033":{"location":{"x":56,"y":975}}},"selection":null,"view":{"scroll":{"x":-420.681640625,"y":-258.4287109375},"visible_rect":{"max":{"x":1178.63671875,"y":1385.142578125},"min":{"x":-841.36328125,"y":-516.857421875}},"zoom":0.5}}