{"nodes":{"node:10000":{"location":{"x":-725,"y":-557}},"node:10001":{"location":{"x":-1305,"y":-242}},"node:10002":{"location":{"x":-1021,"y":1033}},"node:10003":{"location":{"x":312,"y":355}},"node:10004":{"location":{"x":-985,"y":255}},"node:10005":{"location":{"x":203,"y":-205}},"node:10006":{"location":{"x":-841,"y":95}},"node:10007":{"location":{"x":24,"y":-45}},"node:10008":{"location":{"x":-485,"y":-381}},"node:10009":{"location":{"x":-1017,"y":899}},"node:10010":{"location":{"x":-1021,"y":1129}},"node:10011":{"location":{"x":312,"y":-61}},"node:10012":{"location":{"x":312,"y":67}},"node:10013":{"location":{"x":-741,"y":239}},"node:10014":{"location":{"x":-341,"y":553}},"node:10015":{"location":{"x":-1173,"y":591}},"node:10016":{"location":{"x":-1353,"y":735}},"node:10017":{"location":{"x":-585,"y":719}},"node:10018":{"location":{"x":-261,"y":703}},"node:10019":{"location":{"x":-249,"y":1109}},"node:10020":{"location":{"x":-473,"y":1109}},"node:10021":{"location":{"x":-1257,"y":1033}},"node:10022":{"location":{"x":-1257,"y":1119}},"node:10023":{"location":{"x":-1257,"y":905}},"node:10024":{"location":{"x":-1033,"y":745}},"node:10025":{"location":{"x":216,"y":863}},"node:10026":{"location":{"x":-1145,"y":-381}},"node:10027":{"location":{"x":-1049,"y":-242}},"node:10028":{"location":{"x":-249,"y":873}},"node:10029":{"location":{"x":-473,"y":873}},"node:10030":{"location":{"x":-473,"y":1013}},"node:10031":{"location":{"x":-249,"y":1013}},"node:10032":{"location":{"x":312,"y":163}},"node:10033":{"location":{"x":-1021,"y":1225}},"node:10034":{"location":{"x":312,"y":543}},"node:10035":{"location":{"x":-24,"y":1007}},"node:10036":{"location":{"x":-25,"y":1109}},"node:10037":{"location":{"x":-24,"y":873}},"node:10038":{"location":{"x":312,"y":447}},"node:10039":{"location":{"x":312,"y":259}}},"selection":["node:10027"],"view":{"scroll":{"x":-286.157470703125,"y":-317.042510986328125},"visible_rect":{"max":{"x":739.212646484375,"y":2014.7874755859375},"min":{"x":-1430.787353515625,"y":-1585.2125244140625}},"zoom":0.200000002980232239}}