{"nodes":{"node:10000":{"location":{"x":-277,"y":-141}},"node:10001":{"location":{"x":-665,"y":175}},"node:10002":{"location":{"x":-937,"y":1263}},"node:10003":{"location":{"x":1736,"y":799}},"node:10004":{"location":{"x":-533,"y":575}},"node:10005":{"location":{"x":1195,"y":527}},"node:10006":{"location":{"x":-405,"y":441}},"node:10007":{"location":{"x":1016,"y":687}},"node:10008":{"location":{"x":40,"y":63}},"node:10009":{"location":{"x":-773,"y":1113}},"node:10010":{"location":{"x":-713,"y":1263}},"node:10011":{"location":{"x":1304,"y":671}},"node:10012":{"location":{"x":1064,"y":799}},"node:10013":{"location":{"x":-305,"y":575}},"node:10014":{"location":{"x":24,"y":825}},"node:10015":{"location":{"x":-837,"y":825}},"node:10016":{"location":{"x":-1033,"y":969}},"node:10017":{"location":{"x":-104,"y":985}},"node:10018":{"location":{"x":203,"y":947}},"node:10019":{"location":{"x":440,"y":1289}},"node:10020":{"location":{"x":-233,"y":1279}},"node:10021":{"location":{"x":-1385,"y":1231}},"node:10022":{"location":{"x":-1161,"y":1231}},"node:10023":{"location":{"x":-1177,"y":1103}},"node:10024":{"location":{"x":-793,"y":979}},"node:10025":{"location":{"x":456,"y":1145}},"node:10026":{"location":{"x":-537,"y":47}},"node:10027":{"location":{"x":-425,"y":175}},"node:10028":{"location":{"x":216,"y":1123}},"node:10029":{"location":{"x":-8,"y":1123}},"node:10030":{"location":{"x":-8,"y":1279}},"node:10031":{"location":{"x":216,"y":1289}},"node:10032":{"location":{"x":1288,"y":799}},"node:10033":{"location":{"x":-489,"y":1263}},"node:10034":{"location":{"x":-1429,"y":-509}},"node:10035":{"location":{"x":-1721,"y":-370}},"node:10036":{"location":{"x":-1497,"y":-370}},"node:10037":{"location":{"x":-1273,"y":-370}},"node:10038":{"location":{"x":-617,"y":-621}},"node:10039":{"location":{"x":1512,"y":799}},"node:10040":{"location":{"x":-949,"y":-493}},"node:10041":{"location":{"x":-1049,"y":-370}},"node:10042":{"location":{"x":-825,"y":-370}}},"selection":["node:10042"],"view":{"scroll":{"x":-943.6480712890625,"y":-133.412750244140625},"visible_rect":{"max":{"x":195.135910034179688,"y":1090.116455078125},"min":{"x":-1258.197509765625,"y":-177.8836669921875}},"zoom":0.75}}