{"nodes":{"node:10000":{"location":{"x":-124,"y":-169}},"node:10001":{"location":{"x":-265,"y":-33}},"node:10002":{"location":{"x":-5,"y":-40}},"node:10003":{"location":{"x":-1385,"y":281}},"node:10004":{"location":{"x":-153,"y":1231}},"node:10005":{"location":{"x":1688,"y":847}},"node:10006":{"location":{"x":-169,"y":703}},"node:10007":{"location":{"x":1304,"y":585}},"node:10008":{"location":{"x":120,"y":569}},"node:10009":{"location":{"x":1237,"y":719}},"node:10010":{"location":{"x":136,"y":89}},"node:10011":{"location":{"x":-165,"y":1087}},"node:10012":{"location":{"x":72,"y":1231}},"node:10013":{"location":{"x":1464,"y":719}},"node:10014":{"location":{"x":1464,"y":847}},"node:10015":{"location":{"x":56,"y":703}},"node:10016":{"location":{"x":171,"y":831}},"node:10017":{"location":{"x":-197,"y":831}},"node:10018":{"location":{"x":-361,"y":975}},"node:10019":{"location":{"x":104,"y":959}},"node:10020":{"location":{"x":536,"y":1033}},"node:10021":{"location":{"x":376,"y":1327}},"node:10022":{"location":{"x":824,"y":1327}},"node:10023":{"location":{"x":-601,"y":1231}},"node:10024":{"location":{"x":-377,"y":1231}},"node:10025":{"location":{"x":-437,"y":1087}},"node:10026":{"location":{"x":-137,"y":959}},"node:10027":{"location":{"x":888,"y":1183}},"node:10028":{"location":{"x":-1237,"y":153}},"node:10029":{"location":{"x":-1161,"y":281}},"node:10030":{"location":{"x":344,"y":1177}},"node:10031":{"location":{"x":584,"y":1177}},"node:10032":{"location":{"x":600,"y":1327}},"node:10033":{"location":{"x":152,"y":1327}},"node:10034":{"location":{"x":-1609,"y":281}},"node:10035":{"location":{"x":1240,"y":847}}},"selection":null,"view":{"scroll":{"x":616.54376220703125,"y":247.8084716796875},"visible_rect":{"max":{"x":2126.05859375,"y":1325.078125},"min":{"x":822.0584716796875,"y":330.411346435546875}},"zoom":0.749999940395355225}}