{"nodes":{"node:10000":{"location":{"x":-124,"y":-169}},"node:10001":{"location":{"x":-265,"y":-33}},"node:10002":{"location":{"x":8,"y":-40}},"node:10003":{"location":{"x":-137,"y":95}},"node:10005":{"location":{"x":8,"y":351}},"node:10006":{"location":{"x":456,"y":351}},"node:10007":{"location":{"x":-217,"y":351}},"node:10011":{"location":{"x":248,"y":217}},"node:10012":{"location":{"x":-40,"y":217}},"node:10013":{"location":{"x":232,"y":351}},"node:10014":{"location":{"x":123,"y":89}}},"selection":["node:10005"],"view":{"scroll":{"x":-300.96435546875,"y":-202.725723266601562},"visible_rect":{"max":{"x":692.0369873046875,"y":584.275390625},"min":{"x":-300.964935302734375,"y":-202.726104736328125}},"zoom":0.999998152256011963}}