{"nodes":{"node:10000":{"location":{"x":-124,"y":-169}},"node:10001":{"location":{"x":-265,"y":-33}},"node:10002":{"location":{"x":-5,"y":-33}},"node:10003":{"location":{"x":-137,"y":95}},"node:10004":{"location":{"x":123,"y":95}},"node:10005":{"location":{"x":56,"y":223}},"node:10006":{"location":{"x":280,"y":223}},"node:10009":{"location":{"x":24,"y":319}},"node:10010":{"location":{"x":296,"y":319}}},"selection":["node:10006"],"view":{"scroll":{"x":-286.865203857421875,"y":-242.086212158203125},"visible_rect":{"max":{"x":520.786865234375,"y":646.2342529296875},"min":{"x":-340.204498291015625,"y":-287.099365234375}},"zoom":0.843214035034179688}}