{"nodes":null,"selection":null,"view":{"scroll":{"x":-605.45037841796875,"y":-211.740249633789062},"visible_rect":{"max":{"x":1320.430419921875,"y":450.898345947265625},"min":{"x":-510.980987548828125,"y":-178.702072143554688}},"zoom":1.18487846851348877}}