{
  "endColor": [
    1.0,
    1.0,
    1.0,
    1.0
  ],
  "frequency": 0.01600000075995922,
  "frequencyTime": 0.0015931390225887299,
  "isActive": true,
  "isEmitting": true,
  "isNormalize": false,
  "isTemporary": false,
  "lifeTimeRange": [
    0.0,
    0.0
  ],
  "particleCount": 14,
  "position": [
    0.0,
    0.0,
    0.0
  ],
  "radius": 10.199999809265137,
  "scaleRangeX": [
    0.07999999821186066,
    0.0
  ],
  "scaleRangeY": [
    0.0,
    0.0
  ],
  "startColor": [
    0.0,
    0.0,
    0.0,
    1.0
  ],
  "type": 0,
  "velRangeX": [
    0.0,
    0.0
  ],
  "velRangeY": [
    0.0,
    0.0
  ],
  "velRangeZ": [
    0.0,
    0.0
  ]
}
