{
  "endColor": [
    0.14007587730884552,
    0.3320368826389313,
    0.6795791387557983,
    1.0
  ],
  "frequency": 0.0020000000949949026,
  "frequencyTime": 0.0003729818854480982,
  "isActive": true,
  "isEmitting": true,
  "isNormalize": false,
  "isTemporary": false,
  "lifeTimeRange": [
    0.0,
    0.0
  ],
  "particleCount": 29,
  "position": [
    10.199999809265137,
    0.0,
    0.0
  ],
  "radius": 1.0,
  "scaleRangeX": [
    0.0,
    0.0
  ],
  "scaleRangeY": [
    0.0,
    0.0
  ],
  "startColor": [
    0.9234815835952759,
    0.1461848020553589,
    0.1461848020553589,
    1.0
  ],
  "type": 0,
  "velRangeX": [
    0.0,
    0.0
  ],
  "velRangeY": [
    0.0,
    0.0
  ],
  "velRangeZ": [
    0.0,
    0.0
  ]
}
