{
  "boxRotation": [
    0.0,
    0.0,
    0.0
  ],
  "boxSize": [
    1.0,
    1.0,
    40.0
  ],
  "endColor": [
    1.0,
    0.0,
    0.0,
    1.0
  ],
  "frequency": 0.04500000178813934,
  "frequencyTime": 0.031017690896987915,
  "isActive": true,
  "isEmitting": false,
  "isNormalize": false,
  "isRandomRotateZ": false,
  "isTemporary": false,
  "lifeTimeRange": [
    0.15000000596046448,
    0.15000000596046448
  ],
  "particleCount": 440,
  "position": [
    -20.0,
    0.0,
    9.800000190734863
  ],
  "scaleRangeX": [
    0.2,
    0.2
  ],
  "scaleRangeY": [
    2.0,
    2.0
  ],
  "startColor": [
    1.0,
    0.33046388626098633,
    0.33046388626098633,
    1.0
  ],
  "type": 1,
  "velRangeX": [
    0.0010000000474974513,
    0.0010000000474974513
  ],
  "velRangeY": [
    0.0,
    0.20000000298023224
  ],
  "velRangeZ": [
    0.0010000000474974513,
    0.0010000000474974513
  ]
}
