{
  "endColor": [
    0.7560975551605225,
    0.4935787320137024,
    0.07991276681423187,
    1.0
  ],
  "frequency": 0.019999999552965164,
  "frequencyTime": 0.009814416989684105,
  "isActive": false,
  "isEmitting": true,
  "isNormalize": false,
  "isRandomRotateZ": false,
  "isTemporary": false,
  "lifeTimeRange": [
    0.009999999776482582,
    0.10000000149011612
  ],
  "particleCount": 40,
  "position": [
    12.699999809265137,
    7.300000190734863,
    0.0
  ],
  "radius": 0.10000000149011612,
  "scaleRangeX": [
    7.0,
    7.0
  ],
  "scaleRangeY": [
    7.0,
    7.0
  ],
  "startColor": [
    1.0,
    0.6025824546813965,
    0.0,
    1.0
  ],
  "type": 0,
  "velRangeX": [
    0.0010000000474974513,
    0.0010000000474974513
  ],
  "velRangeY": [
    0.0010000000474974513,
    0.0010000000474974513
  ],
  "velRangeZ": [
    0.0010000000474974513,
    0.0010000000474974513
  ]
}
