{
  "endColor": [
    1.0,
    0.43089431524276733,
    0.43089431524276733,
    1.0
  ],
  "frequency": 0.0010000000474974513,
  "frequencyTime": 0.0002015198115259409,
  "isActive": true,
  "isEmitting": true,
  "isNormalize": false,
  "isRandomRotateZ": false,
  "isTemporary": false,
  "lifeTimeRange": [
    0.4000000059604645,
    0.4000000059604645
  ],
  "particleCount": 5,
  "position": [
    3.200000047683716,
    7.300000190734863,
    0.0
  ],
  "radius": 0.10000000149011612,
  "scaleRangeX": [
    5.0,
    5.0
  ],
  "scaleRangeY": [
    5.0,
    5.0
  ],
  "startColor": [
    1.0,
    0.0,
    0.0,
    1.0
  ],
  "type": 0,
  "velRangeX": [
    0.0010000000474974513,
    0.0010000000474974513
  ],
  "velRangeY": [
    0.0010000000474974513,
    0.0010000000474974513
  ],
  "velRangeZ": [
    0.0010000000474974513,
    0.0010000000474974513
  ]
}
