{
  "endColor": [
    1.0,
    1.0,
    1.0,
    1.0
  ],
  "frequency": 0.5,
  "frequencyTime": 0.06442297995090485,
  "isActive": false,
  "isEmitting": false,
  "isNormalize": false,
  "isRandomRotateZ": true,
  "isTemporary": false,
  "lifeTimeRange": [
    0.3499999940395355,
    0.3499999940395355
  ],
  "particleCount": 100,
  "position": [
    -3.677907943725586,
    2.5,
    -79.43688201904297
  ],
  "radius": 0.10000000149011612,
  "scaleRangeX": [
    8.0,
    8.0
  ],
  "scaleRangeY": [
    0.30000001192092896,
    0.03999999910593033
  ],
  "startColor": [
    1.0,
    1.0,
    1.0,
    1.0
  ],
  "type": 0,
  "velRangeX": [
    0.0010000000474974513,
    0.0010000000474974513
  ],
  "velRangeY": [
    0.0010000000474974513,
    0.0010000000474974513
  ],
  "velRangeZ": [
    0.0010000000474974513,
    0.0010000000474974513
  ]
}
