{
  "boxRotation": [
    0.0,
    0.0,
    0.0
  ],
  "boxSize": [
    4.5,
    4.5,
    4.5
  ],
  "endColor": [
    0.12924398481845856,
    0.210463285446167,
    0.9617407917976379,
    1.0
  ],
  "frequency": 0.10000000149011612,
  "frequencyTime": 0.07905756682157516,
  "isActive": false,
  "isEmitting": false,
  "isNormalize": false,
  "isRandomRotateZ": false,
  "isTemporary": false,
  "lifeTimeRange": [
    0.5,
    1.75
  ],
  "particleCount": 50,
  "position": [
    0.0,
    0.0,
    0.0
  ],
  "scaleRangeX": [
    0.30000001192092896,
    0.30000001192092896
  ],
  "scaleRangeY": [
    1.0,
    1.0
  ],
  "startColor": [
    0.9607843160629272,
    0.1294117420911789,
    0.1294117420911789,
    1.0
  ],
  "type": 1,
  "velRangeX": [
    0.0010000000474974513,
    0.0010000000474974513
  ],
  "velRangeY": [
    0.20000000298023224,
    0.30000001192092896
  ],
  "velRangeZ": [
    0.0010000000474974513,
    0.0010000000474974513
  ]
}
