{
  "boxRotation": [
    0.0,
    0.0,
    0.0
  ],
  "boxSize": [
    100.0,
    0.5,
    100.0
  ],
  "endColor": [
    1.0,
    0.0,
    0.14634180068969727,
    1.0
  ],
  "frequency": 0.06300000101327896,
  "frequencyTime": 0.027579471468925476,
  "isActive": true,
  "isEmitting": false,
  "isNormalize": false,
  "isTemporary": false,
  "lifeTimeRange": [
    0.9800000190734863,
    1.0
  ],
  "particleCount": 69,
  "position": [
    0.0,
    -1.0,
    0.0
  ],
  "scaleRangeX": [
    0.0,
    0.0
  ],
  "scaleRangeY": [
    4.53000020980835,
    4.199999809265137
  ],
  "startColor": [
    0.40697774291038513,
    0.4647790491580963,
    0.7800095677375793,
    1.0
  ],
  "type": 1,
  "velRangeX": [
    0.0,
    0.0
  ],
  "velRangeY": [
    0.009999999776482582,
    0.18000000715255737
  ],
  "velRangeZ": [
    0.0,
    0.0
  ]
}
