{
  "boxRotation": [
    0.0,
    0.0,
    0.0
  ],
  "boxSize": [
    100.0,
    0.5,
    100.0
  ],
  "endColor": [
    1.0,
    0.0,
    0.14634180068969727,
    1.0
  ],
  "frequency": 0.06300000101327896,
  "frequencyTime": 0.043164342641830444,
  "isActive": true,
  "isEmitting": false,
  "isNormalize": false,
  "isTemporary": false,
  "lifeTimeRange": [
    0.9800000190734863,
    1.0
  ],
  "particleCount": 69,
  "position": [
    0.0,
    -1.0,
    0.0
  ],
  "scaleRangeX": [
    0.0,
    0.0
  ],
  "scaleRangeY": [
    1.0,
    1.0
  ],
  "startColor": [
    0.9569584131240845,
    0.9636276960372925,
    1.0,
    1.0
  ],
  "type": 1,
  "velRangeX": [
    0.0,
    0.0
  ],
  "velRangeY": [
    0.009999999776482582,
    0.18000000715255737
  ],
  "velRangeZ": [
    0.0,
    0.0
  ]
}
