{
  "endColor": [
    0.9569584131240845,
    0.0,
    0.0,
    1.0
  ],
  "frequency": 0.30000001192092896,
  "frequencyTime": 0.05070635303854942,
  "isActive": false,
  "isEmitting": false,
  "isNormalize": false,
  "isRandomRotateZ": true,
  "isTemporary": false,
  "lifeTimeRange": [
    0.0,
    0.0
  ],
  "particleCount": 80,
  "position": [
    0.0,
    0.0,
    0.0
  ],
  "radius": 0.10000000149011612,
  "scaleRangeX": [
    3.5,
    4.159999847412109
  ],
  "scaleRangeY": [
    0.30000001192092896,
    0.03999999910593033
  ],
  "startColor": [
    1.0,
    0.7608799934387207,
    0.7608799934387207,
    1.0
  ],
  "type": 0,
  "velRangeX": [
    0.0010000000474974513,
    0.0010000000474974513
  ],
  "velRangeY": [
    0.0010000000474974513,
    0.0010000000474974513
  ],
  "velRangeZ": [
    0.0010000000474974513,
    0.0010000000474974513
  ]
}
