{
  "endColor": [
    1.0,
    1.0,
    1.0,
    1.0
  ],
  "frequency": 0.0010000000474974513,
  "frequencyTime": 0.0008313936414197087,
  "isActive": true,
  "isEmitting": true,
  "isNormalize": false,
  "isRandomRotateZ": true,
  "isTemporary": false,
  "lifeTimeRange": [
    0.10000000149011612,
    0.10000000149011612
  ],
  "particleCount": 10,
  "position": [
    24.100000381469727,
    3.0,
    -14.5
  ],
  "radius": 0.10000000149011612,
  "scaleRangeX": [
    1.0,
    1.0
  ],
  "scaleRangeY": [
    8.0,
    8.0
  ],
  "startColor": [
    0.05786705017089844,
    0.44715607166290283,
    1.0,
    1.0
  ],
  "type": 0,
  "velRangeX": [
    0.0010000000474974513,
    0.0010000000474974513
  ],
  "velRangeY": [
    0.0010000000474974513,
    0.0010000000474974513
  ],
  "velRangeZ": [
    0.0010000000474974513,
    0.0010000000474974513
  ]
}
