{
  "emitters": {
    "border1": {
      "boxRotation": [
        0.0,
        0.0,
        0.0
      ],
      "boxSize": [
        200.0,
        1.0,
        1.0
      ],
      "endColor": [
        1.0,
        1.0,
        1.0,
        1.0
      ],
      "frequency": 0.019999999552965164,
      "frequencyTime": 0.005980024114251137,
      "isActive": true,
      "isEmitting": true,
      "isNormalize": false,
      "isRandomRotateZ": false,
      "isTemporary": false,
      "lifeTimeRange": [
        1.0,
        1.5
      ],
      "particleCount": 30,
      "position": [
        0.0,
        0.0,
        -140.0
      ],
      "scaleRangeX": [
        0.5,
        0.5
      ],
      "scaleRangeY": [
        2.0,
        2.0
      ],
      "startColor": [
        1.0,
        1.0,
        1.0,
        1.0
      ],
      "type": 1,
      "velRangeX": [
        0.0010000000474974513,
        0.0010000000474974513
      ],
      "velRangeY": [
        0.05000000074505806,
        0.20000000298023224
      ],
      "velRangeZ": [
        0.0010000000474974513,
        0.0010000000474974513
      ]
    },
    "border2": {
      "boxRotation": [
        0.0,
        0.0,
        0.0
      ],
      "boxSize": [
        200.0,
        1.0,
        1.0
      ],
      "endColor": [
        1.0,
        1.0,
        1.0,
        1.0
      ],
      "frequency": 0.019999999552965164,
      "frequencyTime": 0.005991281941533089,
      "isActive": true,
      "isEmitting": true,
      "isNormalize": false,
      "isRandomRotateZ": false,
      "isTemporary": false,
      "lifeTimeRange": [
        1.0,
        1.5
      ],
      "particleCount": 30,
      "position": [
        0.0,
        0.0,
        60.0
      ],
      "scaleRangeX": [
        0.5,
        0.5
      ],
      "scaleRangeY": [
        2.0,
        2.0
      ],
      "startColor": [
        1.0,
        1.0,
        1.0,
        1.0
      ],
      "type": 1,
      "velRangeX": [
        0.0010000000474974513,
        0.0010000000474974513
      ],
      "velRangeY": [
        0.05000000074505806,
        0.20000000298023224
      ],
      "velRangeZ": [
        0.0010000000474974513,
        0.0010000000474974513
      ]
    },
    "border3": {
      "boxRotation": [
        0.0,
        0.0,
        0.0
      ],
      "boxSize": [
        0.0,
        1.0,
        200.0
      ],
      "endColor": [
        1.0,
        1.0,
        1.0,
        1.0
      ],
      "frequency": 0.019999999552965164,
      "frequencyTime": 0.0048024337738752365,
      "isActive": true,
      "isEmitting": true,
      "isNormalize": false,
      "isRandomRotateZ": false,
      "isTemporary": false,
      "lifeTimeRange": [
        1.0,
        1.5
      ],
      "particleCount": 30,
      "position": [
        -100.0,
        0.0,
        -40.0
      ],
      "scaleRangeX": [
        0.5,
        0.5
      ],
      "scaleRangeY": [
        2.0,
        2.0
      ],
      "startColor": [
        1.0,
        1.0,
        1.0,
        1.0
      ],
      "type": 1,
      "velRangeX": [
        0.0010000000474974513,
        0.0010000000474974513
      ],
      "velRangeY": [
        0.05000000074505806,
        0.20000000298023224
      ],
      "velRangeZ": [
        0.0010000000474974513,
        0.0010000000474974513
      ]
    },
    "border4": {
      "boxRotation": [
        0.0,
        0.0,
        0.0
      ],
      "boxSize": [
        0.0,
        1.0,
        200.0
      ],
      "endColor": [
        1.0,
        1.0,
        1.0,
        1.0
      ],
      "frequency": 0.019999999552965164,
      "frequencyTime": 0.013930600136518478,
      "isActive": true,
      "isEmitting": true,
      "isNormalize": false,
      "isRandomRotateZ": false,
      "isTemporary": false,
      "lifeTimeRange": [
        1.0,
        1.5
      ],
      "particleCount": 30,
      "position": [
        100.0,
        0.0,
        -40.0
      ],
      "scaleRangeX": [
        0.5,
        0.5
      ],
      "scaleRangeY": [
        2.0,
        2.0
      ],
      "startColor": [
        1.0,
        1.0,
        1.0,
        1.0
      ],
      "type": 1,
      "velRangeX": [
        0.0010000000474974513,
        0.0010000000474974513
      ],
      "velRangeY": [
        0.05000000074505806,
        0.20000000298023224
      ],
      "velRangeZ": [
        0.0010000000474974513,
        0.0010000000474974513
      ]
    },
    "boss_border_back": {
      "boxRotation": [
        0.0,
        0.0,
        0.0
      ],
      "boxSize": [
        1.0,
        1.0,
        60.0
      ],
      "endColor": [
        1.0,
        0.0,
        0.0,
        1.0
      ],
      "frequency": 0.04500000178813934,
      "frequencyTime": 0.03359305113554001,
      "isActive": true,
      "isEmitting": false,
      "isNormalize": false,
      "isRandomRotateZ": false,
      "isTemporary": false,
      "lifeTimeRange": [
        0.15000000596046448,
        0.15000000596046448
      ],
      "particleCount": 440,
      "position": [
        -15.115581512451172,
        0.0,
        9.973603248596191
      ],
      "scaleRangeX": [
        0.20000000298023224,
        0.20000000298023224
      ],
      "scaleRangeY": [
        2.0,
        2.0
      ],
      "startColor": [
        1.0,
        0.33046388626098633,
        0.33046388626098633,
        1.0
      ],
      "type": 1,
      "velRangeX": [
        0.0010000000474974513,
        0.0010000000474974513
      ],
      "velRangeY": [
        0.0,
        0.20000000298023224
      ],
      "velRangeZ": [
        0.0010000000474974513,
        0.0010000000474974513
      ]
    },
    "boss_border_front": {
      "boxRotation": [
        0.0,
        0.0,
        0.0
      ],
      "boxSize": [
        1.0,
        1.0,
        60.0
      ],
      "endColor": [
        1.0,
        0.0,
        0.0,
        1.0
      ],
      "frequency": 0.04500000178813934,
      "frequencyTime": 0.03359305113554001,
      "isActive": true,
      "isEmitting": false,
      "isNormalize": false,
      "isRandomRotateZ": false,
      "isTemporary": false,
      "lifeTimeRange": [
        0.15000000596046448,
        0.15000000596046448
      ],
      "particleCount": 440,
      "position": [
        -75.11558532714844,
        0.0,
        9.973603248596191
      ],
      "scaleRangeX": [
        0.20000000298023224,
        0.20000000298023224
      ],
      "scaleRangeY": [
        2.0,
        2.0
      ],
      "startColor": [
        1.0,
        0.33046388626098633,
        0.33046388626098633,
        1.0
      ],
      "type": 1,
      "velRangeX": [
        0.0010000000474974513,
        0.0010000000474974513
      ],
      "velRangeY": [
        0.0,
        0.20000000298023224
      ],
      "velRangeZ": [
        0.0010000000474974513,
        0.0010000000474974513
      ]
    },
    "boss_border_left": {
      "boxRotation": [
        0.0,
        0.0,
        0.0
      ],
      "boxSize": [
        60.0,
        1.0,
        1.0
      ],
      "endColor": [
        1.0,
        0.0,
        0.0,
        1.0
      ],
      "frequency": 0.04500000178813934,
      "frequencyTime": 0.03513770550489426,
      "isActive": true,
      "isEmitting": false,
      "isNormalize": false,
      "isRandomRotateZ": false,
      "isTemporary": false,
      "lifeTimeRange": [
        0.15000000596046448,
        0.15000000596046448
      ],
      "particleCount": 440,
      "position": [
        -45.11558151245117,
        0.0,
        -20.026397705078125
      ],
      "scaleRangeX": [
        0.20000000298023224,
        0.20000000298023224
      ],
      "scaleRangeY": [
        2.0,
        2.0
      ],
      "startColor": [
        1.0,
        0.33046388626098633,
        0.33046388626098633,
        1.0
      ],
      "type": 1,
      "velRangeX": [
        0.0010000000474974513,
        0.0010000000474974513
      ],
      "velRangeY": [
        0.0,
        0.20000000298023224
      ],