{
  "emitters": {
    "border1": {
      "boxRotation": [
        0.0,
        0.0,
        0.0
      ],
      "boxSize": [
        200.0,
        1.0,
        1.0
      ],
      "endColor": [
        1.0,
        1.0,
        1.0,
        1.0
      ],
      "frequency": 0.019999999552965164,
      "frequencyTime": 0.013909418135881424,
      "isActive": true,
      "isEmitting": true,
      "isNormalize": false,
      "isRandomRotateZ": false,
      "isTemporary": false,
      "lifeTimeRange": [
        1.0,
        1.5
      ],
      "particleCount": 30,
      "position": [
        0.0,
        0.0,
        -140.0
      ],
      "scaleRangeX": [
        0.5,
        0.5
      ],
      "scaleRangeY": [
        2.0,
        2.0
      ],
      "startColor": [
        1.0,
        1.0,
        1.0,
        1.0
      ],
      "type": 1,
      "velRangeX": [
        0.0010000000474974513,
        0.0010000000474974513
      ],
      "velRangeY": [
        0.05000000074505806,
        0.20000000298023224
      ],
      "velRangeZ": [
        0.0010000000474974513,
        0.0010000000474974513
      ]
    },
    "border2": {
      "boxRotation": [
        0.0,
        0.0,
        0.0
      ],
      "boxSize": [
        200.0,
        1.0,
        1.0
      ],
      "endColor": [
        1.0,
        1.0,
        1.0,
        1.0
      ],
      "frequency": 0.019999999552965164,
      "frequencyTime": 0.013920608907938004,
      "isActive": true,
      "isEmitting": true,
      "isNormalize": false,
      "isRandomRotateZ": false,
      "isTemporary": false,
      "lifeTimeRange": [
        1.0,
        1.5
      ],
      "particleCount": 30,
      "position": [
        0.0,
        0.0,
        60.0
      ],
      "scaleRangeX": [
        0.5,
        0.5
      ],
      "scaleRangeY": [
        2.0,
        2.0
      ],
      "startColor": [
        1.0,
        1.0,
        1.0,
        1.0
      ],
      "type": 1,
      "velRangeX": [
        0.0010000000474974513,
        0.0010000000474974513
      ],
      "velRangeY": [
        0.05000000074505806,
        0.20000000298023224
      ],
      "velRangeZ": [
        0.0010000000474974513,
        0.0010000000474974513
      ]
    },
    "border3": {
      "boxRotation": [
        0.0,
        0.0,
        0.0
      ],
      "boxSize": [
        0.0,
        1.0,
        200.0
      ],
      "endColor": [
        1.0,
        1.0,
        1.0,
        1.0
      ],
      "frequency": 0.019999999552965164,
      "frequencyTime": 0.012732252478599548,
      "isActive": true,
      "isEmitting": true,
      "isNormalize": false,
      "isRandomRotateZ": false,
      "isTemporary": false,
      "lifeTimeRange": [
        1.0,
        1.5
      ],
      "particleCount": 30,
      "position": [
        -100.0,
        0.0,
        -40.0
      ],
      "scaleRangeX": [
        0.5,
        0.5
      ],
      "scaleRangeY": [
        2.0,
        2.0
      ],
      "startColor": [
        1.0,
        1.0,
        1.0,
        1.0
      ],
      "type": 1,
      "velRangeX": [
        0.0010000000474974513,
        0.0010000000474974513
      ],
      "velRangeY": [
        0.05000000074505806,
        0.20000000298023224
      ],
      "velRangeZ": [
        0.0010000000474974513,
        0.0010000000474974513
      ]
    },
    "border4": {
      "boxRotation": [
        0.0,
        0.0,
        0.0
      ],
      "boxSize": [
        0.0,
        1.0,
        200.0
      ],
      "endColor": [
        1.0,
        1.0,
        1.0,
        1.0
      ],
      "frequency": 0.019999999552965164,
      "frequencyTime": 0.001860378310084343,
      "isActive": true,
      "isEmitting": true,
      "isNormalize": false,
      "isRandomRotateZ": false,
      "isTemporary": false,
      "lifeTimeRange": [
        1.0,
        1.5
      ],
      "particleCount": 30,
      "position": [
        100.0,
        0.0,
        -40.0
      ],
      "scaleRangeX": [
        0.5,
        0.5
      ],
      "scaleRangeY": [
        2.0,
        2.0
      ],
      "startColor": [
        1.0,
        1.0,
        1.0,
        1.0
      ],
      "type": 1,
      "velRangeX": [
        0.0010000000474974513,
        0.0010000000474974513
      ],
      "velRangeY": [
        0.05000000074505806,
        0.20000000298023224
      ],
      "velRangeZ": [
        0.0010000000474974513,
        0.0010000000474974513
      ]
    },
    "boss_border_back": {
      "boxRotation": [
        0.0,
        0.0,
        0.0
      ],
      "boxSize": [
        1.0,
        1.0,
        40.0
      ],
      "endColor": [
        1.0,
        0.0,
        0.0,
        1.0
      ],
      "frequency": 0.04500000178813934,
      "frequencyTime": 0.031017690896987915,
      "isActive": false,
      "isEmitting": false,
      "isNormalize": false,
      "isRandomRotateZ": false,
      "isTemporary": false,
      "lifeTimeRange": [
        0.15000000596046448,
        0.15000000596046448
      ],
      "particleCount": 440,
      "position": [
        -20.0,
        0.0,
        9.800000190734863
      ],
      "scaleRangeX": [
        0.20000000298023224,
        0.20000000298023224
      ],
      "scaleRangeY": [
        2.0,
        2.0
      ],
      "startColor": [
        1.0,
        0.33046388626098633,
        0.33046388626098633,
        1.0
      ],
      "type": 1,
      "velRangeX": [
        0.0010000000474974513,
        0.0010000000474974513
      ],
      "velRangeY": [
        0.0,
        0.20000000298023224
      ],
      "velRangeZ": [
        0.0010000000474974513,
        0.0010000000474974513
      ]
    },
    "boss_border_front": {
      "boxRotation": [
        0.0,
        0.0,
        0.0
      ],
      "boxSize": [
        1.0,
        1.0,
        40.0
      ],
      "endColor": [
        1.0,
        0.0,
        0.0,
        1.0
      ],
      "frequency": 0.04500000178813934,
      "frequencyTime": 0.031017690896987915,
      "isActive": false,
      "isEmitting": false,
      "isNormalize": false,
      "isRandomRotateZ": false,
      "isTemporary": false,
      "lifeTimeRange": [
        0.15000000596046448,
        0.15000000596046448
      ],
      "particleCount": 440,
      "position": [
        -20.0,
        0.0,
        9.800000190734863
      ],
      "scaleRangeX": [
        0.20000000298023224,
        0.20000000298023224
      ],
      "scaleRangeY": [
        2.0,
        2.0
      ],
      "startColor": [
        1.0,
        0.33046388626098633,
        0.33046388626098633,
        1.0
      ],
      "type": 1,
      "velRangeX": [
        0.0010000000474974513,
        0.0010000000474974513
      ],
      "velRangeY": [
        0.0,
        0.20000000298023224
      ],
      "velRangeZ": [
        0.0010000000474974513,
        0.0010000000474974513
      ]
    },
    "boss_border_left": {
      "boxRotation": [
        0.0,
        0.0,
        0.0
      ],
      "boxSize": [
        40.0,
        1.0,
        1.0
      ],
      "endColor": [
        1.0,
        0.0,
        0.0,
        1.0
      ],
      "frequency": 0.04500000178813934,
      "frequencyTime": 0.03256239742040634,
      "isActive": false,
      "isEmitting": false,
      "isNormalize": false,
      "isRandomRotateZ": false,
      "isTemporary": false,
      "lifeTimeRange": [
        0.15000000596046448,
        0.15000000596046448
      ],
      "particleCount": 440,
      "position": [
        0.0,
        0.0,
        -10.0
      ],
      "scaleRangeX": [
        0.20000000298023224,
        0.20000000298023224
      ],
      "scaleRangeY": [
        2.0,
        2.0
      ],
      "startColor": [
        1.0,
        0.33046388626098633,
        0.33046388626098633,
        1.0
      ],
      "type": 1,
      "velRangeX": [
        0.0010000000474974513,
        0.0010000000474974513
      ],
      "velRangeY": [
        0.0,
        0.20000000298023224
      ],