{
  "emitters": {
    "border1": {
      "boxRotation": [
        0.0,
        0.0,
        0.0
      ],
      "boxSize": [
        200.0,
        1.0,
        1.0
      ],
      "endColor": [
        1.0,
        1.0,
        1.0,
        1.0
      ],
      "frequency": 0.019999999552965164,
      "frequencyTime": 0.0095153097063303,
      "isActive": true,
      "isEmitting": true,
      "isNormalize": false,
      "isRandomRotateZ": false,
      "isTemporary": false,
      "lifeTimeRange": [
        1.0,
        1.5
      ],
      "particleCount": 30,
      "position": [
        0.0,
        0.0,
        -140.0
      ],
      "scaleRangeX": [
        0.5,
        0.5
      ],
      "scaleRangeY": [
        2.0,
        2.0
      ],
      "startColor": [
        1.0,
        1.0,
        1.0,
        1.0
      ],
      "type": 1,
      "velRangeX": [
        0.0010000000474974513,
        0.0010000000474974513
      ],
      "velRangeY": [
        0.05000000074505806,
        0.20000000298023224
      ],
      "velRangeZ": [
        0.0010000000474974513,
        0.0010000000474974513
      ]
    },
    "border2": {
      "boxRotation": [
        0.0,
        0.0,
        0.0
      ],
      "boxSize": [
        200.0,
        1.0,
        1.0
      ],
      "endColor": [
        1.0,
        1.0,
        1.0,
        1.0
      ],
      "frequency": 0.019999999552965164,
      "frequencyTime": 0.00952652283012867,
      "isActive": true,
      "isEmitting": true,
      "isNormalize": false,
      "isRandomRotateZ": false,
      "isTemporary": false,
      "lifeTimeRange": [
        1.0,
        1.5
      ],
      "particleCount": 30,
      "position": [
        0.0,
        0.0,
        60.0
      ],
      "scaleRangeX": [
        0.5,
        0.5
      ],
      "scaleRangeY": [
        2.0,
        2.0
      ],
      "startColor": [
        1.0,
        1.0,
        1.0,
        1.0
      ],
      "type": 1,
      "velRangeX": [
        0.0010000000474974513,
        0.0010000000474974513
      ],
      "velRangeY": [
        0.05000000074505806,
        0.20000000298023224
      ],
      "velRangeZ": [
        0.0010000000474974513,
        0.0010000000474974513
      ]
    },
    "border3": {
      "boxRotation": [
        0.0,
        0.0,
        0.0
      ],
      "boxSize": [
        0.0,
        1.0,
        200.0
      ],
      "endColor": [
        1.0,
        1.0,
        1.0,
        1.0
      ],
      "frequency": 0.019999999552965164,
      "frequencyTime": 0.008337635546922684,
      "isActive": true,
      "isEmitting": true,
      "isNormalize": false,
      "isRandomRotateZ": false,
      "isTemporary": false,
      "lifeTimeRange": [
        1.0,
        1.5
      ],
      "particleCount": 30,
      "position": [
        -100.0,
        0.0,
        -40.0
      ],
      "scaleRangeX": [
        0.5,
        0.5
      ],
      "scaleRangeY": [
        2.0,
        2.0
      ],
      "startColor": [
        1.0,
        1.0,
        1.0,
        1.0
      ],
      "type": 1,
      "velRangeX": [
        0.0010000000474974513,
        0.0010000000474974513
      ],
      "velRangeY": [
        0.05000000074505806,
        0.20000000298023224
      ],
      "velRangeZ": [
        0.0010000000474974513,
        0.0010000000474974513
      ]
    },
    "border4": {
      "boxRotation": [
        0.0,
        0.0,
        0.0
      ],
      "boxSize": [
        0.0,
        1.0,
        200.0
      ],
      "endColor": [
        1.0,
        1.0,
        1.0,
        1.0
      ],
      "frequency": 0.019999999552965164,
      "frequencyTime": 0.01746610924601555,
      "isActive": true,
      "isEmitting": true,
      "isNormalize": false,
      "isRandomRotateZ": false,
      "isTemporary": false,
      "lifeTimeRange": [
        1.0,
        1.5
      ],
      "particleCount": 30,
      "position": [
        100.0,
        0.0,
        -40.0
      ],
      "scaleRangeX": [
        0.5,
        0.5
      ],
      "scaleRangeY": [
        2.0,
        2.0
      ],
      "startColor": [
        1.0,
        1.0,
        1.0,
        1.0
      ],
      "type": 1,
      "velRangeX": [
        0.0010000000474974513,
        0.0010000000474974513
      ],
      "velRangeY": [
        0.05000000074505806,
        0.20000000298023224
      ],
      "velRangeZ": [
        0.0010000000474974513,
        0.0010000000474974513
      ]
    },
    "clear_slash": {
      "endColor": [
        1.0,
        1.0,
        1.0,
        1.0
      ],
      "frequency": 0.05000000074505806,
      "frequencyTime": 0.02849595993757248,
      "isActive": false,
      "isEmitting": false,
      "isNormalize": false,
      "isRandomRotateZ": true,
      "isTemporary": false,
      "lifeTimeRange": [
        0.15000000596046448,
        0.15000000596046448
      ],
      "particleCount": 1,
      "position": [
        -31.10824966430664,
        2.5,
        -0.4757804870605469
      ],
      "radius": 2.0,
      "scaleRangeX": [
        10.0,
        10.0
      ],
      "scaleRangeY": [
        0.30000001192092896,
        0.30000001192092896
      ],
      "startColor": [
        1.0,
        1.0,
        1.0,
        1.0
      ],
      "type": 0,
      "velRangeX": [
        0.0010000000474974513,
        0.0010000000474974513
      ],
      "velRangeY": [
        0.0010000000474974513,
        0.0010000000474974513
      ],
      "velRangeZ": [
        0.0010000000474974513,
        0.0010000000474974513
      ]
    },
    "over1": {
      "endColor": [
        0.9569584131240845,
        0.0,
        0.0,
        1.0
      ],
      "frequency": 0.15000000596046448,
      "frequencyTime": 0.10752454400062561,
      "isActive": false,
      "isEmitting": false,
      "isNormalize": false,
      "isRandomRotateZ": true,
      "isTemporary": false,
      "lifeTimeRange": [
        0.0,
        0.0
      ],
      "particleCount": 200,
      "position": [
        18.333831787109375,
        2.5,
        -41.364662170410156
      ],
      "radius": 0.10000000149011612,
      "scaleRangeX": [
        8.0,
        8.0
      ],
      "scaleRangeY": [
        0.30000001192092896,
        0.03999999910593033
      ],
      "startColor": [
        1.0,
        0.7608799934387207,
        0.7608799934387207,
        1.0
      ],
      "type": 0,
      "velRangeX": [
        0.0010000000474974513,
        0.0010000000474974513
      ],
      "velRangeY": [
        0.0010000000474974513,
        0.0010000000474974513
      ],
      "velRangeZ": [
        0.0010000000474974513,
        0.0010000000474974513
      ]
    },
    "over2": {
      "endColor": [
        1.0,
        0.0,
        0.0,
        1.0
      ],
      "frequency": 1.0,
      "frequencyTime": 0.10836136341094971,
      "isActive": false,
      "isEmitting": false,
      "isNormalize": true,
      "isRandomRotateZ": false,
      "isTemporary": false,
      "lifeTimeRange": [
        0.0,
        0.0
      ],
      "particleCount": 1000,
      "position": [
        18.333831787109375,
        2.5,
        -41.364662170410156
      ],
      "radius": 0.10000000149011612,
      "scaleRangeX": [
        0.0,
        0.0
      ],
      "scaleRangeY": [
        0.0,
        0.0
      ],
      "startColor": [
        0.9760879874229431,
        0.0,
        0.0,
        1.0
      ],
      "type": 0,
      "velRangeX": [
        0.0,
        0.0
      ],
      "velRangeY": [
        0.0,
        0.0
      ],
      "velRangeZ": [
        0.0,
        0.0
      ]
    },
    "player_dash": {
      "endColor": [
        1.0,
        1.0,
        1.0,
        1.0
      ],
      "frequency": 0.0010000000474974513,
      "frequencyTime": 0.0007046462269499898,
      "isActive": false,
      "isEmitting": true,
      "isNormalize": false,
      "isRandomRotateZ": true,
      "isTemporary": false,
      "lifeTimeRange": [
        0.5,
        0.800000011920929
      ],
      "particleCount": 25,