{"nodes":{"node:1000":{"location":{"x":38,"y":143}},"node:1001":{"location":{"x":275,"y":-1}},"node:1002":{"location":{"x":300,"y":200}},"node:1003":{"location":{"x":500,"y":125}}},"selection":null,"view":{"scroll":{"x":-81.5944137573242188,"y":-239.37738037109375},"visible_rect":{"max":{"x":705.12481689453125,"y":438.09832763671875},"min":{"x":-65.2755661010742188,"y":-191.50201416015625}},"zoom":1.2499992847442627}}